3.11.2019 01:00;25.81
3.11.2019 01:01;25.38
3.11.2019 01:02;25.06
3.11.2019 01:03;24.81
3.11.2019 01:04;24.63
3.11.2019 01:05;24.44
3.11.2019 01:06;24.31
3.11.2019 01:07;24.19
3.11.2019 01:08;24.13
3.11.2019 01:09;24
3.11.2019 01:10;23.94
3.11.2019 01:11;23.88
3.11.2019 01:12;23.88
3.11.2019 01:13;23.81
3.11.2019 01:14;23.81
3.11.2019 01:15;23.75
3.11.2019 01:16;23.75
3.11.2019 01:17;23.75
3.11.2019 01:18;23.81
3.11.2019 01:19;23.81
3.11.2019 01:20;23.75
3.11.2019 01:21;23.75
3.11.2019 01:22;23.75
3.11.2019 01:23;23.75
3.11.2019 01:24;23.81
3.11.2019 01:25;23.75
3.11.2019 01:26;23.75
3.11.2019 01:27;23.75
3.11.2019 01:28;23.75
3.11.2019 01:29;23.75
3.11.2019 01:30;23.75
3.11.2019 01:31;23.75
3.11.2019 01:32;23.75
3.11.2019 01:33;23.75
3.11.2019 01:34;23.81
3.11.2019 01:35;23.81
3.11.2019 01:36;23.81
3.11.2019 01:37;23.81
3.11.2019 01:38;23.81
3.11.2019 01:39;23.81
3.11.2019 01:40;23.81
3.11.2019 01:41;23.81
3.11.2019 01:42;23.81
3.11.2019 01:43;23.88
3.11.2019 01:44;23.88
3.11.2019 01:45;23.88
3.11.2019 01:46;23.88
3.11.2019 01:47;23.88
3.11.2019 01:48;23.88
3.11.2019 01:49;23.88
3.11.2019 01:50;23.88
3.11.2019 01:51;23.94
3.11.2019 01:52;23.88
3.11.2019 01:53;23.94
3.11.2019 01:54;23.88
3.11.2019 01:55;23.94
3.11.2019 01:56;23.94
3.11.2019 01:57;23.94
3.11.2019 01:58;23.94
3.11.2019 01:59;23.94
3.11.2019 02:00;23.94
3.11.2019 02:01;23.94
3.11.2019 02:02;23.94
3.11.2019 02:03;23.94
3.11.2019 02:04;23.94
3.11.2019 02:05;24
3.11.2019 02:06;24
3.11.2019 02:07;24
3.11.2019 02:08;24
3.11.2019 02:09;24.06
3.11.2019 02:10;24
3.11.2019 02:11;24.06
3.11.2019 02:12;24.06
3.11.2019 02:14;24.06
3.11.2019 02:15;24.06
3.11.2019 02:16;24.06
3.11.2019 02:17;24.06
3.11.2019 02:18;24.06
3.11.2019 02:19;24.06
3.11.2019 02:20;24.06
3.11.2019 02:21;24.06
3.11.2019 02:22;24.06
3.11.2019 02:23;24.06
3.11.2019 02:24;24
3.11.2019 02:25;24
3.11.2019 02:26;24.06
3.11.2019 02:27;24.06
3.11.2019 02:28;24
3.11.2019 02:29;24.06
3.11.2019 02:30;24.06
3.11.2019 02:31;24.06
3.11.2019 02:32;24.13
3.11.2019 02:33;24.13
3.11.2019 02:34;24.13
3.11.2019 02:35;24.13
3.11.2019 02:36;24.13
3.11.2019 02:37;24.13
3.11.2019 02:38;24.13
3.11.2019 02:39;24.13
3.11.2019 02:40;24.13
3.11.2019 02:41;24.13
3.11.2019 02:42;24.13
3.11.2019 02:43;24.13
3.11.2019 02:44;24.06
3.11.2019 02:45;24.13
3.11.2019 02:46;24.13
3.11.2019 02:47;24.13
3.11.2019 02:48;24.06
3.11.2019 02:49;24.13
3.11.2019 02:50;24.06
3.11.2019 02:51;24.06
3.11.2019 02:52;24.06
3.11.2019 02:53;24.06
3.11.2019 02:54;24.06
3.11.2019 02:55;24.06
3.11.2019 02:56;24.06
3.11.2019 02:57;24.06
3.11.2019 02:58;24.06
3.11.2019 02:59;24.06
3.11.2019 03:00;24.06
3.11.2019 03:01;24.06
3.11.2019 03:02;24
3.11.2019 03:03;24.06
3.11.2019 03:04;24.06
3.11.2019 03:05;24.06
3.11.2019 03:06;24.06
3.11.2019 03:07;24.06
3.11.2019 03:08;24.06
3.11.2019 03:09;24.06
3.11.2019 03:10;24
3.11.2019 03:11;24
3.11.2019 03:12;24.06
3.11.2019 03:13;24.06
3.11.2019 03:14;24
3.11.2019 03:15;24
3.11.2019 03:16;24.06
3.11.2019 03:17;24
3.11.2019 03:18;24.06
3.11.2019 03:19;24.06
3.11.2019 03:20;24.06
3.11.2019 03:21;24.06
3.11.2019 03:22;24.06
3.11.2019 03:23;24.06
3.11.2019 03:24;24
3.11.2019 03:25;24.06
3.11.2019 03:26;24.06
3.11.2019 03:27;24.06
3.11.2019 03:28;24.06
3.11.2019 03:29;24.06
3.11.2019 03:30;24.06
3.11.2019 03:31;24.06
3.11.2019 03:32;24.06
3.11.2019 03:33;24.06
3.11.2019 03:34;24.06
3.11.2019 03:35;24.06
3.11.2019 03:36;24.06
3.11.2019 03:30;24.06
3.11.2019 03:39;24.06
3.11.2019 03:40;24.06
3.11.2019 03:41;24.06
3.11.2019 03:42;24.06
3.11.2019 03:43;24.06
3.11.2019 03:44;24.06
3.11.2019 03:45;24.06
3.11.2019 03:46;24.06
3.11.2019 03:47;24.06
3.11.2019 03:48;24.06
3.11.2019 03:49;24.06
3.11.2019 03:50;24.06
3.11.2019 03:51;24.06
3.11.2019 03:52;24.06
3.11.2019 03:53;24.06
3.11.2019 03:54;24.06
3.11.2019 03:55;24.06
3.11.2019 03:56;24.06
3.11.2019 03:57;24.06
3.11.2019 03:58;24.06
3.11.2019 03:59;24.13
3.11.2019 04:00;24.13
3.11.2019 04:01;24.06
3.11.2019 04:02;24.06
3.11.2019 04:03;24.06
3.11.2019 04:04;24.06
3.11.2019 04:05;24.06
3.11.2019 04:06;24.06
3.11.2019 04:07;24.13
3.11.2019 04:08;24.13
3.11.2019 04:09;24.13
3.11.2019 04:10;24.13
3.11.2019 04:11;24.13
3.11.2019 04:12;24.13
3.11.2019 04:13;24.13
3.11.2019 04:14;24.13
3.11.2019 04:15;24.13
3.11.2019 04:16;24.13
3.11.2019 04:17;24.06
3.11.2019 04:18;24.13
3.11.2019 04:19;24.13
3.11.2019 04:20;24.13
3.11.2019 04:21;24.13
3.11.2019 04:22;24.13
3.11.2019 04:23;24.13
3.11.2019 04:24;24.13
3.11.2019 04:25;24.13
3.11.2019 04:26;24.13
3.11.2019 04:27;24.13
3.11.2019 04:28;24.13
3.11.2019 04:29;24.13
3.11.2019 04:30;24.13
3.11.2019 04:31;24.13
3.11.2019 04:32;24.13
3.11.2019 04:33;24.19
3.11.2019 04:34;24.13
3.11.2019 04:35;24.13
3.11.2019 04:36;24.13
3.11.2019 04:37;24.13
3.11.2019 04:38;24.13
3.11.2019 04:39;24.13
3.11.2019 04:40;24.13
3.11.2019 04:41;24.13
3.11.2019 04:42;24.06
3.11.2019 04:43;24.06
3.11.2019 04:44;24.06
3.11.2019 04:45;24.13
3.11.2019 04:46;24.06
3.11.2019 04:47;24.06
3.11.2019 04:48;24.06
3.11.2019 04:49;24.06
3.11.2019 04:50;24.06
3.11.2019 04:51;24.06
3.11.2019 04:52;24.06
3.11.2019 04:53;24.06
3.11.2019 04:54;24.06
3.11.2019 04:55;24.06
3.11.2019 04:56;24.06
3.11.2019 04:57;24.06
3.11.2019 04:58;24.06
3.11.2019 04:59;24.06
3.11.2019 05:00;24.06
3.11.2019 05:00;24.06
3.11.2019 05:02;24.06
3.11.2019 05:00;24.06
3.11.2019 05:05;24.06
3.11.2019 05:06;24.06
3.11.2019 05:07;24.06
3.11.2019 05:08;24.06
3.11.2019 05:09;24.06
3.11.2019 05:10;24.06
3.11.2019 05:11;24.06
3.11.2019 05:12;24.06
3.11.2019 05:13;24.06
3.11.2019 05:14;24.06
3.11.2019 05:15;24.06
3.11.2019 05:16;24.06
3.11.2019 05:17;24.06
3.11.2019 05:18;24.06
3.11.2019 05:19;24.06
3.11.2019 05:20;24.13
3.11.2019 05:21;24.13
3.11.2019 05:22;24.06
3.11.2019 05:23;24.13
3.11.2019 05:24;24.06
3.11.2019 05:25;24.06
3.11.2019 05:26;24.06
3.11.2019 05:27;24.13
3.11.2019 05:28;24.13
3.11.2019 05:29;24.06
3.11.2019 05:30;24.13
3.11.2019 05:31;24.06
3.11.2019 05:32;24.13
3.11.2019 05:33;24.06
3.11.2019 05:34;24.06
3.11.2019 05:35;24.06
3.11.2019 05:36;24.13
3.11.2019 05:37;24.13
3.11.2019 05:38;24.13
3.11.2019 05:39;24.06
3.11.2019 05:40;24.06
3.11.2019 05:41;24.13
3.11.2019 05:42;24.06
3.11.2019 05:43;24.13
3.11.2019 05:44;24.13
3.11.2019 05:45;24.13
3.11.2019 05:46;24.13
3.11.2019 05:47;24.13
3.11.2019 05:48;24.13
3.11.2019 05:49;24.13
3.11.2019 05:50;24.13
3.11.2019 05:51;24.13
3.11.2019 05:52;24.13
3.11.2019 05:53;24.13
3.11.2019 05:54;24.13
3.11.2019 05:55;24.06
3.11.2019 05:56;24.13
3.11.2019 05:57;24.13
3.11.2019 05:58;24.13
3.11.2019 05:59;24.13
3.11.2019 06:00;24.13
3.11.2019 06:01;24.13
3.11.2019 06:02;24.13
3.11.2019 06:03;24.13
3.11.2019 06:04;24.13
3.11.2019 06:05;24.13
3.11.2019 06:06;24.13
3.11.2019 06:07;24.13
3.11.2019 06:08;24.13
3.11.2019 06:09;24.13
3.11.2019 06:10;24.13
3.11.2019 06:11;24.13
3.11.2019 06:12;24.13
3.11.2019 06:13;24.06
3.11.2019 06:14;24.13
3.11.2019 06:15;24.06
3.11.2019 06:16;24.13
3.11.2019 06:17;24.13
3.11.2019 06:18;24.13
3.11.2019 06:19;24.13
3.11.2019 06:20;24.13
3.11.2019 06:21;24.13
3.11.2019 06:22;24.13
3.11.2019 06:23;24.06
3.11.2019 06:24;24.13
3.11.2019 06:24;24.06
3.11.2019 06:26;24.06
3.11.2019 06:20;24.13
3.11.2019 06:28;24.06
3.11.2019 06:30;24.13
3.11.2019 06:31;24.06
3.11.2019 06:32;24.13
3.11.2019 06:33;24.13
3.11.2019 06:34;24.13
3.11.2019 06:35;24.13
3.11.2019 06:36;24.06
3.11.2019 06:37;24.13
3.11.2019 06:38;24.13
3.11.2019 06:39;24.13
3.11.2019 06:40;24.13
3.11.2019 06:41;24.13
3.11.2019 06:42;24.06
3.11.2019 06:43;24.13
3.11.2019 06:44;24.13
3.11.2019 06:45;24.13
3.11.2019 06:46;24.13
3.11.2019 06:47;24.13
3.11.2019 06:48;24.13
3.11.2019 06:49;24.13
3.11.2019 06:50;24.13
3.11.2019 06:51;24.13
3.11.2019 06:52;24.13
3.11.2019 06:53;24.13
3.11.2019 06:54;24.13
3.11.2019 06:55;24.13
3.11.2019 06:56;24.13
3.11.2019 06:57;24.13
3.11.2019 06:58;24.13
3.11.2019 06:59;24.13
3.11.2019 07:00;24.13
3.11.2019 07:01;24.13
3.11.2019 07:02;24.13
3.11.2019 07:03;24.13
3.11.2019 07:04;24.06
3.11.2019 07:05;24.06
3.11.2019 07:06;24.06
3.11.2019 07:07;24.13
3.11.2019 07:08;24.06
3.11.2019 07:09;24.13
3.11.2019 07:10;24.06
3.11.2019 07:11;24.06
3.11.2019 07:12;24.13
3.11.2019 07:13;24.13
3.11.2019 07:14;24.06
3.11.2019 07:15;24.06
3.11.2019 07:16;24.06
3.11.2019 07:17;24.06
3.11.2019 07:18;24.06
3.11.2019 07:19;24.06
3.11.2019 07:20;24.06
3.11.2019 07:21;24.13
3.11.2019 07:22;24.13
3.11.2019 07:23;24.13
3.11.2019 07:24;24.13
3.11.2019 07:25;24.06
3.11.2019 07:26;24.13
3.11.2019 07:27;24.13
3.11.2019 07:28;24.13
3.11.2019 07:29;24.06
3.11.2019 07:30;24.13
3.11.2019 07:31;24.13
3.11.2019 07:32;24.06
3.11.2019 07:33;24.13
3.11.2019 07:34;24.13
3.11.2019 07:35;24.13
3.11.2019 07:36;24.13
3.11.2019 07:37;24.13
3.11.2019 07:38;24.13
3.11.2019 07:39;24.06
3.11.2019 07:40;24.13
3.11.2019 07:41;24.13
3.11.2019 07:42;24.13
3.11.2019 07:43;24.06
3.11.2019 07:44;24.06
3.11.2019 07:45;24.13
3.11.2019 07:46;24.13
3.11.2019 07:47;24.06
3.11.2019 07:48;24.13
3.11.2019 07:49;24.13
3.11.2019 07:50;24.13
3.11.2019 07:50;24.13
3.11.2019 07:52;24.13
3.11.2019 07:50;24.13
3.11.2019 07:55;24.13
3.11.2019 07:56;23.25
3.11.2019 07:57;21.88
3.11.2019 07:58;20.94
3.11.2019 07:59;20.31
3.11.2019 08:00;19.94
3.11.2019 08:01;19.5
3.11.2019 08:02;19.13
3.11.2019 08:03;18.75
3.11.2019 08:04;18.5
3.11.2019 08:05;18.31
3.11.2019 08:06;18.13
3.11.2019 08:07;17.88
3.11.2019 08:08;17.69
3.11.2019 08:09;17.56
3.11.2019 08:10;17.69
3.11.2019 08:11;17.63
3.11.2019 08:12;17.63
3.11.2019 08:13;17.5
3.11.2019 08:14;17.31
3.11.2019 08:15;17.25
3.11.2019 08:16;17.25
3.11.2019 08:17;17.19
3.11.2019 08:18;17.06
3.11.2019 08:19;16.88
3.11.2019 08:20;16.81
3.11.2019 08:21;16.88
3.11.2019 08:22;16.94
3.11.2019 08:23;16.88
3.11.2019 08:24;16.81
3.11.2019 08:25;16.75
3.11.2019 08:26;16.75
3.11.2019 08:27;16.75
3.11.2019 08:28;16.75
3.11.2019 08:29;16.81
3.11.2019 08:30;16.81
3.11.2019 08:31;16.75
3.11.2019 08:32;16.63
3.11.2019 08:33;16.63
3.11.2019 08:34;16.56
3.11.2019 08:35;16.63
3.11.2019 08:36;16.63
3.11.2019 08:37;16.56
3.11.2019 08:38;16.44
3.11.2019 08:39;16.5
3.11.2019 08:40;17.06
3.11.2019 08:41;17.88
3.11.2019 08:42;18.56
3.11.2019 08:43;19.25
3.11.2019 08:44;19.75
3.11.2019 08:45;20.25
3.11.2019 08:46;20.69
3.11.2019 08:47;21.06
3.11.2019 08:48;21.31
3.11.2019 08:49;21.56
3.11.2019 08:50;21.69
3.11.2019 08:51;21.94
3.11.2019 08:52;22.06
3.11.2019 08:53;22.25
3.11.2019 08:54;22.31
3.11.2019 08:55;22.38
3.11.2019 08:56;22.44
3.11.2019 08:57;22.5
3.11.2019 08:58;22.56
3.11.2019 08:59;22.63
3.11.2019 09:00;22.63
3.11.2019 09:01;22.69
3.11.2019 09:02;22.69
3.11.2019 09:03;22.75
3.11.2019 09:04;22.81
3.11.2019 09:05;22.81
3.11.2019 09:06;22.88
3.11.2019 09:07;22.88
3.11.2019 09:08;22.88
3.11.2019 09:09;22.88
3.11.2019 09:10;22.88
3.11.2019 09:11;22.94
3.11.2019 09:12;22.94
3.11.2019 09:13;23
3.11.2019 09:14;23
3.11.2019 09:14;23
3.11.2019 09:16;23
3.11.2019 09:10;23.06
3.11.2019 09:18;23.06
3.11.2019 09:20;23.06
3.11.2019 09:21;23.13
3.11.2019 09:22;23.06
3.11.2019 09:23;23.13
3.11.2019 09:24;23.13
3.11.2019 09:25;23.13
3.11.2019 09:26;23.13
3.11.2019 09:27;23.19
3.11.2019 09:28;23.19
;
;
;
;
;
;
;
;
;
;
;
;
;
;
;
;
;
;
;
;
;
;
;
;
;
;
;
;
;
;
;
;
;
;
;
;
;
;
;
;
;
;
